iter,best_train_mse,elapsed_ms
1,0.03445962366042352,14.7147
2,0.03445962366042352,29.9635
3,0.031244544099653937,44.2216
4,0.02869535165046218,58.6357
5,0.02333493438545259,73.4614
6,0.021809541235310904,87.9193
7,0.01962489672201649,102.2178
8,0.01733288689190536,116.5657
9,0.016257657287115593,130.7473
10,0.013759376696747257,264.9591
11,0.013759376696747257,279.1852
12,0.012897736187631638,294.275
13,0.012897736187631638,308.3865
14,0.012897736187631638,322.5197
15,0.012423822234277232,336.7915
16,0.012423822234277232,350.9991
17,0.012423822234277232,365.2327
18,0.012046985474464141,379.3698
19,0.011667326827019405,393.1304
20,0.011152586404157241,524.2641
21,0.011152586404157241,538.2564
22,0.011152586404157241,552.4581
23,0.011152586404157241,566.6796
24,0.011152586404157241,580.9856
25,0.011152586404157241,595.1655
26,0.010853732902151315,609.3533
27,0.010853732902151315,623.0458
28,0.010750568075121942,637.2006
29,0.010750568075121942,651.0226
30,0.010490601026119102,783.3657
31,0.010490601026119102,797.4305
32,0.010321226243158593,811.5504
33,0.010321226243158593,825.8094
34,0.010161464214982744,839.9837
35,0.01005118130657933,854.2992
36,0.01005118130657933,868.553
37,0.009869509342909753,882.0933
38,0.009769393728460283,895.6488
39,0.009769393728460283,909.3292
40,0.009540136474630015,1041.9978
41,0.009540136474630015,1056.3276
42,0.00950615714269052,1070.5332
43,0.009302179187836792,1084.8194
44,0.009273137433968907,1099.053
45,0.009273137433968907,1113.1015
46,0.009273137433968907,1128.1687
47,0.009074276869543004,1142.4116
48,0.009016899710262928,1156.7649
49,0.009016899710262928,1170.97
50,0.008889224303954781,1301.3999
51,0.008889224303954781,1315.4245
52,0.008842251304171935,1329.7558
53,0.008842251304171935,1345.3637
54,0.00871083621364751,1359.5379
55,0.00871083621364751,1373.7433
56,0.00871083621364751,1387.8994
57,0.00871083621364751,1402.3075
58,0.008469102227060137,1416.5602
59,0.008469102227060137,1430.8222
60,0.008384808029266463,1561.0066
61,0.008384808029266463,1575.1276
62,0.008323540282363266,1589.3089
63,0.008323540282363266,1603.5365
64,0.008323540282363266,1618.0411
65,0.008323540282363266,1632.2285
66,0.008167252084733201,1646.3863
67,0.008167252084733201,1660.6443
68,0.008167252084733201,1674.5559
69,0.008117895678459016,1688.6561
70,0.00796188114898383,1818.8939
71,0.00796188114898383,1833.2481
72,0.00796188114898383,1847.3978
73,0.007945729799168993,1861.4977
74,0.007902260919570135,1875.7564
75,0.007899345731570195,1889.8455
76,0.007899345731570195,1904.1165
77,0.007882486814277955,1918.2023
78,0.007882486814277955,1932.6719
79,0.007872142741087242,1946.7629
80,0.007725747177872182,2079.8759
81,0.007725747177872182,2094.1017
82,0.007725747177872182,2108.2087
83,0.007724855360320213,2122.3263
84,0.007667150854776938,2135.991
85,0.007667150854776938,2149.6002
86,0.007667150854776938,2163.4153
87,0.007667150854776938,2177.1168
88,0.0076317697448177995,2190.821
89,0.0076317697448177995,2205.352
90,0.007629846658587183,2338.3069
91,0.007629846658587183,2352.3339
92,0.007629846658587183,2365.7771
93,0.007629846658587183,2379.5276
94,0.007615474764883119,2392.9176
95,0.007606851951249262,2406.3893
96,0.007606851951249262,2420.7866
97,0.007555511655882403,2435.5191
98,0.007555511655882403,2449.7334
99,0.007555511655882403,2463.802
100,0.007555511655882403,2595.8075
101,0.007555511655882403,2610.1176
102,0.0075534753903492135,2624.2585
103,0.0075447396967883475,2639.3186
104,0.007536208260376377,2653.8707
105,0.007500632549926208,2668.1194
106,0.007479926303982531,2682.1909
107,0.007479926303982531,2696.6541
108,0.007475767395228433,2710.6851
109,0.0074340884474323595,2724.7567
110,0.0074340884474323595,2857.7536
111,0.0074340884474323595,2871.9679
112,0.007420271444541607,2886.196
113,0.0074131635145874165,2900.4005
114,0.007336876960505053,2914.5099
115,0.007336876960505053,2928.7798
116,0.007336876960505053,2943.0405
117,0.007336876960505053,2957.1664
118,0.007336876960505053,2971.2034
119,0.007336876960505053,2985.6448
120,0.007336876960505053,3118.4408
121,0.007331693053432991,3132.6299
122,0.007331693053432991,3146.7668
123,0.0072877702385382645,3160.8725
124,0.007261193408693434,3175.1606
125,0.007246076982218437,3189.4594
126,0.007246076982218437,3203.7519
127,0.007214817865665957,3218.1287
128,0.007214817865665957,3232.3443
129,0.007214817865665957,3246.5558
130,0.007206527625041828,3378.7316
131,0.007206527625041828,3392.7004
132,0.007183553269882363,3406.2214
133,0.0071673901370050775,3419.8744
134,0.0071673901370050775,3433.6628
135,0.007166236613456037,3447.2659
136,0.007165491328786029,3461.2341
137,0.007165491328786029,3474.9608
138,0.00712658723665403,3489.5869
139,0.00712658723665403,3504.3178
140,0.0071069934722521304,3634.0493
141,0.0071069934722521304,3647.6236
142,0.0071069934722521304,3661.5838
143,0.0071069934722521304,3675.805
144,0.0071069934722521304,3689.9029
145,0.007103843931503563,3704.972
146,0.007089248697551285,3719.3177
147,0.007089248697551285,3733.6117
148,0.007089248697551285,3747.6422
149,0.007089248697551285,3761.5248
150,0.007039470772125815,3891.4292
151,0.0070331557574540085,3904.9134
152,0.0070331557574540085,3919.9426
153,0.0070255602479618075,3934.3509
154,0.007021855179478027,3948.5661
155,0.007021855179478027,3962.7769
156,0.0070209287689684645,3976.9148
157,0.006975313610100212,3990.9868
158,0.006975313610100212,4005.0438
159,0.006975313610100212,4018.9145
160,0.006975313610100212,4148.8315
161,0.006975313610100212,4162.8082
162,0.006975313610100212,4176.8077
163,0.006975313610100212,4190.8556
164,0.006975313610100212,4204.9478
165,0.006949868143434661,4219.1953
166,0.006949868143434661,4233.2654
167,0.006949868143434661,4247.5092
168,0.006949868143434661,4261.7271
169,0.006949868143434661,4276.0666
170,0.006939179682870425,4407.6884
171,0.006939179682870425,4423.4584
172,0.006939179682870425,4437.475
173,0.006939179682870425,4451.5838
174,0.006939179682870425,4465.7145
175,0.0069164514709293134,4479.6977
176,0.0069022724263584165,4493.7896
177,0.0069022724263584165,4507.8625
178,0.0069022724263584165,4521.5027
179,0.006893869259174924,4535.054
180,0.006893869259174924,4666.6546
181,0.006893869259174924,4680.7706
182,0.006893869259174924,4694.8603
183,0.006893869259174924,4708.5579
184,0.006893869259174924,4722.5952
185,0.006893869259174924,4736.5707
186,0.006884553873636748,4750.5363
187,0.006884553873636748,4765.4965
188,0.006856994525395322,4779.5571
189,0.006856994525395322,4793.4389
190,0.006812533209870963,4921.9596
191,0.006812533209870963,4935.7054
192,0.006812533209870963,4949.226
193,0.006804832632436938,4963.7159
194,0.006804832632436938,4978.3774
195,0.006804832632436938,4992.6309
196,0.006804832632436938,5006.898
197,0.006776052103177397,5020.9513
198,0.006757212808030886,5035.0878
199,0.006751724708901907,5049.1421
200,0.006751047603175086,5181.7756
201,0.00670409861240057,5196.1801
202,0.00670409861240057,5210.2322
203,0.00670409861240057,5224.2808
204,0.006696110575267469,5238.0334
205,0.006696110575267469,5252.5705
206,0.006696110575267469,5266.0625
207,0.006696110575267469,5279.8463
208,0.006696110575267469,5294.9442
209,0.006696110575267469,5309.2786
210,0.006696110575267469,5440.1116
211,0.006696110575267469,5454.2937
212,0.006696110575267469,5468.1734
213,0.006689040495893732,5482.0982
214,0.006689040495893732,5495.7699
215,0.006669975237328393,5509.7163
216,0.006669975237328393,5523.5971
217,0.006669975237328393,5537.1619
218,0.006669975237328393,5550.5873
219,0.006660604170463585,5564.2167
220,0.006652546143655041,5693.9556
221,0.006652546143655041,5707.8096
222,0.006652546143655041,5721.6553
223,0.006652546143655041,5735.4166
224,0.006640930358837658,5749.2826
225,0.006613059159937709,5763.2007
226,0.006613059159937709,5777.172
227,0.006613059159937709,5790.8868
228,0.006609612652511497,5805.1647
229,0.006609612652511497,5818.9633
230,0.006597532373998038,5950.874
231,0.006597532373998038,5965.0739
232,0.006594389950924497,5979.5035
233,0.006594389950924497,5993.8914
234,0.006594389950924497,6008.1517
235,0.006585479873766716,6022.799
236,0.006585479873766716,6037.3021
237,0.006585479873766716,6052.3228
238,0.006585479873766716,6067.0276
239,0.006577929114034986,6081.1608
240,0.006566045513360711,6213.0333
241,0.006566045513360711,6227.1104
242,0.006566045513360711,6241.133
243,0.006566045513360711,6255.1859
244,0.006555765138988532,6270.4109
245,0.00654476025042876,6286.4826
246,0.006543795473073747,6300.5196
247,0.00653582745427614,6314.7518
248,0.00653582745427614,6329.0841
249,0.00653582745427614,6343.4382
250,0.006525536210887653,6472.7281
251,0.006525536210887653,6487.0557
252,0.0064910461317202765,6501.5117
253,0.0064910461317202765,6515.6417
254,0.0064910461317202765,6529.7992
255,0.0064910461317202765,6543.7165
256,0.0064910461317202765,6557.7927
257,0.0064910461317202765,6571.8793
258,0.0064910461317202765,6586.0217
259,0.0064910461317202765,6600.2384
260,0.0064910461317202765,6732.6733
261,0.0064910461317202765,6746.9155
262,0.0064910461317202765,6761.2144
263,0.0064910461317202765,6775.2391
264,0.006482308079927203,6789.4715
265,0.006482308079927203,6803.6112
266,0.006460849831553292,6817.847
267,0.006460849831553292,6832.142
268,0.006460849831553292,6846.2957
269,0.006460849831553292,6860.3895
270,0.0064510705391859794,6992.9583
271,0.0064510705391859794,7007.1135
272,0.006419662640582868,7021.1715
273,0.006413674858623069,7035.4918
274,0.006413674858623069,7049.7515
275,0.006395727118491873,7064.1109
276,0.006395727118491873,7078.2547
277,0.006391325158051148,7092.3045
278,0.006368838402781297,7106.48
279,0.006368838402781297,7120.5008
280,0.006368838402781297,7252.2463
281,0.006368838402781297,7266.3877
282,0.006368838402781297,7280.0239
283,0.006368838402781297,7293.4939
284,0.006368838402781297,7307.3253
285,0.006368838402781297,7321.5803
286,0.006368838402781297,7335.284
287,0.006368838402781297,7348.9224
288,0.006352113388019637,7364.8754
289,0.006352113388019637,7379.0579
290,0.006339034251159009,7509.1953
291,0.006339034251159009,7522.8315
292,0.006339034251159009,7536.5879
293,0.006339034251159009,7550.338
294,0.006317441811435181,7564.1133
295,0.006317441811435181,7579.5969
296,0.006317441811435181,7593.6988
297,0.006317441811435181,7607.5269
298,0.006317441811435181,7621.596
299,0.006317441811435181,7635.1861
300,0.006316740369053781,7763.3485
301,0.006316740369053781,7778.892
302,0.006291579971072137,7793.0729
303,0.006291579971072137,7807.2152
304,0.0062885658436079815,7821.3448
305,0.0062885658436079815,7834.9459
306,0.00624973473727988,7849.0804
307,0.00624973473727988,7863.2577
308,0.00624973473727988,7877.5655
309,0.006218825367445154,7891.7235
310,0.006218825367445154,8023.941
311,0.006218825367445154,8038.1722
312,0.006218825367445154,8052.515
313,0.006218825367445154,8066.7739
314,0.006218825367445154,8081.0053
315,0.006218825367445154,8095.2106
316,0.006218825367445154,8109.383
317,0.006218825367445154,8123.7756
318,0.006218825367445154,8137.9323
319,0.006218825367445154,8152.1711
320,0.006218563347331968,8284.6245
321,0.006218563347331968,8298.7179
322,0.006218563347331968,8312.8562
323,0.006218563347331968,8326.9347
324,0.006218563347331968,8341.0555
325,0.00621120956983509,8355.238
326,0.0062066592678258975,8368.976
327,0.006201799090546723,8382.9549
328,0.006196959538990889,8396.7974
329,0.006196959538990889,8410.6571
330,0.006196959538990889,8543.7968
331,0.006196959538990889,8558.0382
332,0.006196959538990889,8572.4517
333,0.006196699633502845,8586.6775
334,0.0061947175990975396,8600.6246
335,0.0061947175990975396,8614.2788
336,0.0061947175990975396,8628.1346
337,0.006191462487857785,8643.1528
338,0.006191462487857785,8657.2883
339,0.006191462487857785,8671.5607
340,0.006183905776852226,8802.7083
341,0.006183905776852226,8816.4782
342,0.006178087634478555,8830.3708
343,0.006161359800995948,8844.2097
344,0.006157618068779277,8859.2364
345,0.00614680642099453,8873.4402
346,0.006139692707426268,8887.5622
347,0.006139122568086746,8901.8373
348,0.006135565368561621,8916.0905
349,0.006130996855514427,8930.252
350,0.0061226341576101585,9061.4526
351,0.0061226341576101585,9076.4963
352,0.006119260743970572,9090.5261
353,0.006110836311462608,9104.3687
354,0.006109705589708009,9118.2329
355,0.006108655091224394,9132.1184
356,0.006108655091224394,9145.9181
357,0.006108655091224394,9159.6547
358,0.006108655091224394,9173.6642
359,0.0060990859733365405,9187.3232
360,0.006090183812569708,9315.0842
361,0.006090183812569708,9329.5557
362,0.006085685166847906,9344.053
363,0.006069901642524521,9358.3671
364,0.006069901642524521,9372.771
365,0.006069629844482149,9387.3209
366,0.006066624220154818,9401.7057
367,0.006064002430399783,9416.0301
368,0.006064002430399783,9430.6611
369,0.00605484936125815,9444.838
370,0.006054586467130726,9576.4577
371,0.006054586467130726,9590.3304
372,0.006040457480483498,9604.0143
373,0.0060369210878921395,9618.6818
374,0.006027646424785066,9632.2543
375,0.006022249126230276,9645.9963
376,0.006022249126230276,9660.1515
377,0.006022249126230276,9673.9935
378,0.006021001570628211,9687.7441
379,0.006016175009221478,9701.7625
380,0.005995825219091065,9832.1877
381,0.005995825219091065,9845.8655
382,0.005991534936034012,9859.9571
383,0.005984789523790382,9873.7776
384,0.005984789523790382,9887.5217
385,0.0059769299729081,9901.0161
386,0.0059769299729081,9914.6885
387,0.005972053090230063,9928.5194
388,0.005972053090230063,9942.4825
389,0.005972053090230063,9957.8361
390,0.005971747899617622,10089.3019
391,0.005971747899617622,10103.5219
392,0.005969811928224341,10117.7625
393,0.005969811928224341,10131.9489
394,0.005969811928224341,10146.4231
395,0.005969811928224341,10161.518
396,0.005954257522847127,10175.7141
397,0.005950436714490519,10189.8514
398,0.005937379079518171,10204.0256
399,0.005937379079518171,10218.1557
400,0.005937379079518171,10347.7619
401,0.005937379079518171,10361.8192
402,0.005937379079518171,10376.7472
403,0.005937379079518171,10391.0487
404,0.005928203072904716,10405.2493
405,0.005928203072904716,10419.5311
406,0.005928203072904716,10433.6789
407,0.005928203072904716,10447.8654
408,0.0059229594197653815,10462.0584
409,0.005905387703922874,10476.0874
410,0.005905387703922874,10605.5039
411,0.005905387703922874,10619.4259
412,0.005905387703922874,10633.8222
413,0.005905387703922874,10647.9554
414,0.005905148724282577,10662.1102
415,0.005905148724282577,10675.9811
416,0.005905038369446187,10689.9827
417,0.005905038369446187,10703.7271
418,0.005905038369446187,10717.5027
419,0.005905038369446187,10731.5728
420,0.005903800970039797,10862.1326
421,0.005903800970039797,10876.1674
422,0.005903800970039797,10890.1944
423,0.005895451975195651,10903.9433
424,0.005895451975195651,10918.0185
425,0.005884708762552278,10931.7773
426,0.005884708762552278,10945.3837
427,0.005849929352011559,10958.8828
428,0.005849929352011559,10972.5652
429,0.005849929352011559,10985.9801
430,0.0058465372996516374,11117.2147
431,0.0058465372996516374,11131.5497
432,0.0058465372996516374,11145.7013
433,0.0058465372996516374,11162.5185
434,0.0058465372996516374,11179.9473
435,0.005828918311209547,11199.2586
436,0.005828918311209547,11218.705
437,0.005828918311209547,11235.4816
438,0.005828918311209547,11251.9655
439,0.005826694298025497,11266.9196
440,0.005826694298025497,11398.156
441,0.005826694298025497,11412.3525
442,0.005826694298025497,11426.3169
443,0.005826694298025497,11440.4924
444,0.005826694298025497,11454.483
445,0.005817631966117332,11469.6824
446,0.005817631966117332,11483.6654
447,0.005812984582155858,11497.7432
448,0.005812984582155858,11511.8792
449,0.005812984582155858,11526.0401
450,0.005812984582155858,11652.5972
451,0.005812984582155858,11667.6011
452,0.005812984582155858,11681.9264
453,0.005812984582155858,11696.193
454,0.0058024371463103065,11710.3119
455,0.0058024371463103065,11724.289
456,0.005791232514612694,11738.3807
457,0.005791232514612694,11753.9313
458,0.005791232514612694,11768.2769
459,0.005791232514612694,11782.4061
460,0.005776216257084831,11914.4608
461,0.005774715877351332,11928.6447
462,0.005772520027139336,11942.6283
463,0.005772244448054836,11956.6538
464,0.005772244448054836,11970.5646
465,0.005772244448054836,11984.1566
466,0.005769790346887263,11997.9157
467,0.005761452803088697,12012.0728
468,0.005761452803088697,12025.8617
469,0.005761452803088697,12040.1144
470,0.0057611038843547145,12170.8928
471,0.0057611038843547145,12185.2289
472,0.0057611038843547145,12199.5134
473,0.0057611038843547145,12213.7002
474,0.0057611038843547145,12227.7582
475,0.0057611038843547145,12241.5105
476,0.005756176739155742,12255.1981
477,0.005756176739155742,12268.7884
478,0.005756176739155742,12282.4133
479,0.005745256624353643,12296.7352
480,0.005741338397767134,12429.3969
481,0.005741338397767134,12443.4668
482,0.005741338397767134,12457.8094
483,0.005741338397767134,12471.8444
484,0.005741338397767134,12486.1275
485,0.005741338397767134,12500.3618
486,0.00573436308969721,12514.8043
487,0.00573436308969721,12528.9826
488,0.00573436308969721,12543.1895
489,0.005727669744428156,12557.3483
490,0.0057207002673680405,12688.5337
491,0.0057207002673680405,12702.8224
492,0.0057110267666987975,12717.0833
493,0.005706604869934907,12732.2688
494,0.005701786008125506,12746.2527
495,0.005701786008125506,12760.3987
496,0.005701048417104785,12774.557
497,0.005701048417104785,12788.8191
498,0.005685116290044028,12803.0804
499,0.005685116290044028,12817.4232
500,0.005672683995094512,12949.4686
501,0.005672683995094512,12963.7206
502,0.005672683995094512,12977.799
503,0.005671006647515165,12991.9433
504,0.005671006647515165,13006.2243
505,0.005671006647515165,13020.4234
506,0.005671006647515165,13034.4194
507,0.005671006647515165,13048.5659
508,0.005671006647515165,13063.2296
509,0.005671006647515165,13077.3546
510,0.005657979361800025,13209.7792
511,0.005657979361800025,13223.9068
512,0.005654091142452291,13238.1204
513,0.005654091142452291,13252.288
514,0.005653746146214245,13266.432
515,0.005653746146214245,13280.4724
516,0.0056486050994405115,13294.5945
517,0.005647615633782239,13308.7845
518,0.005647615633782239,13322.9881
519,0.005623881787385101,13337.1704
520,0.00561956256149788,13469.407
521,0.00561956256149788,13483.6049
522,0.00561956256149788,13497.8063
523,0.00561956256149788,13512.0458
524,0.00561956256149788,13526.1197
525,0.00561956256149788,13540.1664
526,0.00561956256149788,13554.111
527,0.005616714766627115,13568.2592
528,0.005616243893994432,13582.8503
529,0.005616243893994432,13597.6966
530,0.0056085575876923515,13728.1565
531,0.0056085575876923515,13742.3706
532,0.0055969294673210955,13756.5403
533,0.0055969294673210955,13770.7234
534,0.005586910515404379,13785.0791
535,0.005579941792429057,13799.1105
536,0.005577349268261553,13814.5988
537,0.005576782386142833,13828.6499
538,0.005576782386142833,13842.7117
539,0.005576782386142833,13856.8188
540,0.005576678325367147,13984.6211
541,0.005576678325367147,13998.451
542,0.005576678325367147,14012.3281
543,0.005576678325367147,14027.5925
544,0.005562519724557783,14041.6603
545,0.005562519724557783,14055.8051
546,0.005562519724557783,14070.0018
547,0.005556442055401906,14084.2434
548,0.005556442055401906,14098.3283
549,0.005537129814937942,14112.7508
550,0.005535002441255048,14245.1153
551,0.005535002441255048,14259.463
552,0.005527245618511374,14273.5892
553,0.005527245618511374,14287.7537
554,0.005527245618511374,14301.9049
555,0.005524248325342187,14316.0129
556,0.005505984785615625,14330.7123
557,0.005505984785615625,14344.8967
558,0.005505230712561773,14359.1429
559,0.0054962760042142535,14373.4325
560,0.005488780944741378,14506.1439
561,0.005488780944741378,14520.2761
562,0.0054872948093188665,14534.442
563,0.0054872948093188665,14548.5557
564,0.0054872948093188665,14562.7724
565,0.005475637145186536,14576.8927
566,0.0054598917263589215,14591.0309
567,0.0054513430833965275,14604.7123
568,0.005450797162989909,14618.8214
569,0.005450797162989909,14632.3441
570,0.005442649773812232,14763.0727
571,0.005442649773812232,14777.0226
572,0.005442649773812232,14790.6001
573,0.005442649773812232,14804.3101
574,0.005410404176781998,14817.9892
575,0.005410404176781998,14831.6248
576,0.005407849500804175,14845.2365
577,0.005387136733115535,14858.7948
578,0.005372566070447298,14874.115
579,0.005372566070447298,14888.2826
580,0.005367972415314875,15017.6439
581,0.005367972415314875,15031.2883
582,0.005367972415314875,15045.0408
583,0.005367972415314875,15058.9165
584,0.005367972415314875,15072.6254
585,0.005341983510529757,15088.1091
586,0.005331639454692201,15102.2882
587,0.005317638656963333,15121.0282
588,0.005317638656963333,15136.0375
589,0.005317638656963333,15150.1318
590,0.005317638656963333,15277.413
591,0.005317638656963333,15292.33
592,0.005317638656963333,15306.5041
593,0.005307169180267717,15320.8456
594,0.005283398645545163,15335.0083
595,0.005283398645545163,15349.2014
596,0.005283398645545163,15363.3884
597,0.005283398645545163,15377.6375
598,0.005283398645545163,15391.7686
599,0.005275986808366179,15405.945
600,0.005275986808366179,15538.7849
601,0.005275986808366179,15552.7015
602,0.005270928030593731,15566.3634
603,0.005270928030593731,15580.0476
604,0.005270928030593731,15593.8502
605,0.005270928030593731,15607.7556
606,0.005270928030593731,15622.1054
607,0.005270928030593731,15635.7022
608,0.005270928030593731,15649.793
609,0.00526414201723928,15663.8251
610,0.005244986908372097,15794.4195
611,0.005244986908372097,15808.8596
612,0.005244986908372097,15822.8928
613,0.005244986908372097,15837.0799
614,0.005244986908372097,15851.1452
615,0.005244986908372097,15865.2837
616,0.005244986908372097,15879.5396
617,0.005244986908372097,15893.7442
618,0.005244986908372097,15908.0824
619,0.00524123262766698,15922.2041
620,0.00524123262766698,16054.6264
621,0.00524123262766698,16069.003
622,0.005226153590947395,16083.1901
623,0.005223662219828946,16097.7463
624,0.005223662219828946,16111.9664
625,0.005205454633893819,16126.3596
626,0.005205454633893819,16141.1149
627,0.005205454633893819,16155.9466
628,0.005197341147737386,16170.1138
629,0.005197341147737386,16184.8074
630,0.005169007352117626,16316.6797
631,0.005168005003426787,16330.8618
632,0.005168005003426787,16345.1377
633,0.005168005003426787,16360.5245
634,0.005168005003426787,16374.7772
635,0.005168005003426787,16389.0026
636,0.005168005003426787,16403.2324
637,0.005167119217765844,16417.2012
638,0.005167119217765844,16431.2371
639,0.005167119217765844,16445.4386
640,0.005161094309175615,16579.9316
641,0.005161094309175615,16594.162
642,0.005161094309175615,16608.3119
643,0.005161094309175615,16622.5207
644,0.005161094309175615,16636.8897
645,0.005161094309175615,16650.9657
646,0.0051414696468835225,16665.1731
647,0.0051414696468835225,16679.3448
648,0.0051414696468835225,16693.7319
649,0.0051414696468835225,16707.9552
650,0.0051414696468835225,16839.524
651,0.0051414696468835225,16853.7521
652,0.0051414696468835225,16868.012
653,0.0051324332964013866,16882.2187
654,0.0051231924259018844,16896.2764
655,0.0051231924259018844,16910.4628
656,0.0051231924259018844,16924.8113
657,0.00512051424014907,16939.1421
658,0.00512051424014907,16953.3943
659,0.00512051424014907,16967.67
660,0.0051022376720887865,17099.8406
661,0.0051022376720887865,17113.9173
662,0.0051022376720887865,17128.3016
663,0.0051022376720887865,17142.6724
664,0.0051022376720887865,17156.92
665,0.0051022376720887865,17171.2095
666,0.0051022376720887865,17185.5162
667,0.0051022376720887865,17199.7045
668,0.0051022376720887865,17213.8179
669,0.0051022376720887865,17228.8826
670,0.0051022376720887865,17360.2077
671,0.0051022376720887865,17374.1978
672,0.0050982554074863705,17388.4052
673,0.0050982554074863705,17402.4992
674,0.0050982554074863705,17416.5695
675,0.0050982554074863705,17430.6648
676,0.0050982554074863705,17445.4833
677,0.005089338747925362,17460.0986
678,0.005089338747925362,17474.2704
679,0.005089338747925362,17488.3443
680,0.005078865028677049,17619.1864
681,0.005078865028677049,17632.8204
682,0.005078865028677049,17646.5245
683,0.005078453316700896,17660.828
684,0.005078453316700896,17675.2672
685,0.005078453316700896,17689.5066
686,0.005043365847868669,17703.7078
687,0.005043365847868669,17717.797
688,0.005022937943490019,17732.1352
689,0.005011494673247755,17745.9855
690,0.005011494673247755,17874.9978
691,0.005011494673247755,17889.8711
692,0.004992351553397051,17903.9436
693,0.004992351553397051,17918.0447
694,0.0049848180272656665,17932.2211
695,0.0049848180272656665,17946.3925
696,0.0049848180272656665,17960.5124
697,0.0049848180272656665,17974.7142
698,0.0049848180272656665,17988.9896
699,0.0049848180272656665,18003.275
700,0.0049848180272656665,18133.5912
701,0.0049848180272656665,18147.9385
702,0.0049848180272656665,18162.0482
703,0.0049713556927926845,18176.1771
704,0.0049713556927926845,18190.9244
705,0.0049713556927926845,18205.1168
706,0.0049713556927926845,18220.1091
707,0.0049713556927926845,18234.2624
708,0.004960640855236865,18248.4219
709,0.004960640855236865,18262.6408
710,0.004960640855236865,18394.8851
711,0.004960640855236865,18409.4656
712,0.004960640855236865,18423.7369
713,0.004960640855236865,18437.9559
714,0.00496039172639501,18452.2328
715,0.00496039172639501,18466.195
716,0.0049455223804695005,18480.405
717,0.0049455223804695005,18494.7416
718,0.0049455223804695005,18509.122
719,0.0049455223804695005,18523.4109
720,0.0049455223804695005,18655.5684
721,0.004944306818054371,18669.701
722,0.0049385923856541565,18683.8858
723,0.0049385923856541565,18698.1058
724,0.0049385923856541565,18712.5526
725,0.004925495536229727,18726.6794
726,0.004925495536229727,18742.2265
727,0.004925495536229727,18756.5542
728,0.004925495536229727,18770.7938
729,0.004925495536229727,18784.939
730,0.004925495536229727,18916.7867
731,0.004925495536229727,18930.84
732,0.004925495536229727,18945.0828
733,0.004925495536229727,18959.9275
734,0.004925495536229727,18974.2016
735,0.004925495536229727,18988.4015
736,0.004925276679689625,19002.6828
737,0.00492431251132834,19016.8531
738,0.004915406183647038,19031.8316
739,0.004911609599853538,19045.9006
740,0.00490601607795204,19179.3475
741,0.00490601607795204,19194.0797
742,0.004889961955479677,19208.6785
743,0.004889961955479677,19223.2964
744,0.004889961955479677,19237.7513
745,0.004889961955479677,19252.6551
746,0.004889961955479677,19267.2004
747,0.004889961955479677,19281.4436
748,0.004886449083422544,19295.7792
749,0.00488554126514568,19309.9454
750,0.004884139081867098,19443.0967
751,0.004884139081867098,19457.5276
752,0.004877837365041829,19471.8691
753,0.004876244040070246,19486.2642
754,0.004876244040070246,19500.4973
755,0.004876244040070246,19514.7871
756,0.004872152359381271,19529.1126
757,0.004870114197555642,19543.1838
758,0.004867442855886651,19557.1756
759,0.004854234008061425,19571.4089
760,0.004854234008061425,19704.521
761,0.004845115224306961,19718.5219
762,0.004845115224306961,19732.989
763,0.004845115224306961,19747.2435
764,0.004844083612472963,19761.8007
765,0.004839932417963297,19775.9839
766,0.004831546584320524,19790.395
767,0.004831546584320524,19804.7221
768,0.004831546584320524,19819.4243
769,0.004827809443665108,19833.6965
770,0.004827019357849956,19965.3038
771,0.004827019357849956,19979.8882
772,0.004824369450718778,19994.36
773,0.004823483557096013,20008.6317
774,0.004823483557096013,20023.654
775,0.0048228867106157244,20038.2165
776,0.0048228867106157244,20052.6885
777,0.0048228867106157244,20066.6112
778,0.004821117378752666,20080.9368
779,0.004821117378752666,20095.1953
780,0.004816858602514113,20227.5962
781,0.004813529661324802,20241.7436
782,0.004813283824436258,20255.8195
783,0.004813283824436258,20270.1487
784,0.004813283824436258,20284.3423
785,0.004804972040079905,20298.9349
786,0.004804972040079905,20313.095
787,0.004804972040079905,20327.2988
788,0.004804972040079905,20342.1771
789,0.004804972040079905,20356.4253
790,0.004801602896545646,20488.6615
791,0.004801602896545646,20502.954
792,0.00479714377782395,20517.7442
793,0.004790525898726975,20531.9476
794,0.004778135614824211,20546.0332
795,0.004778135614824211,20560.3254
796,0.004778135614824211,20574.6579
797,0.004773873664788456,20588.8788
798,0.004773873664788456,20603.0152
799,0.004773873664788456,20617.1733
800,0.004768219393020092,20750.2703
801,0.004768219393020092,20764.5194
802,0.004768219393020092,20778.5872
803,0.004768219393020092,20792.8142
804,0.004768219393020092,20807.1551
805,0.004768219393020092,20821.3089
806,0.004768219393020092,20835.5807
807,0.004767604743185125,20849.8234
808,0.004767604743185125,20863.8648
809,0.004765596828216781,20879.157
810,0.004765238748142717,21010.4311
811,0.004765238748142717,21024.6018
812,0.004765099867748943,21039.162
813,0.004765099867748943,21053.3969
814,0.004765099867748943,21067.7803
815,0.004765099867748943,21082.6873
816,0.004765099867748943,21096.8659
817,0.004765099867748943,21111.0147
818,0.004765099867748943,21125.8532
819,0.004765099867748943,21140.0322
820,0.004761050665595078,21271.9535
821,0.004761050665595078,21286.5866
822,0.004761050665595078,21300.8754
823,0.004753682352724969,21315.2764
824,0.004753682352724969,21329.445
825,0.004753682352724969,21343.9043
826,0.004733537864875908,21358.1287
827,0.004733537864875908,21372.9767
828,0.004721999289443514,21387.3298
829,0.004721999289443514,21401.7013
830,0.004721999289443514,21534.1241
831,0.004721999289443514,21548.3314
832,0.004720026570460712,21562.495
833,0.004720026570460712,21576.4225
834,0.004720026570460712,21589.9447
835,0.004720026570460712,21603.8983
836,0.004720026570460712,21618.182
837,0.004720026570460712,21632.0291
838,0.004720026570460712,21645.6375
839,0.004720026570460712,21659.8938
840,0.004720026570460712,21791.972
841,0.004720026570460712,21806.0262
842,0.004720026570460712,21820.2433
843,0.004718720127548355,21834.5381
844,0.004707422606331139,21848.6273
845,0.004695060112529295,21862.9773
846,0.004690222557404579,21877.571
847,0.0046889098884544435,21891.684
848,0.0046889098884544435,21906.0002
849,0.004679246508454333,21920.274
850,0.004676240900532592,22052.3014
851,0.004676240900532592,22066.5926
852,0.004672665300600765,22080.7245
853,0.004672665300600765,22094.966
854,0.004670759590564435,22109.3167
855,0.004670759590564435,22123.5143
856,0.004670759590564435,22137.5608
857,0.004670759590564435,22152.4395
858,0.004667354963741202,22166.6864
859,0.0046629542008200875,22180.7506
860,0.00464608396948385,22312.0702
861,0.00464608396948385,22326.2188
862,0.004645388226881376,22340.3881
863,0.004638829816074288,22355.1623
864,0.004638829816074288,22369.3586
865,0.004638829816074288,22383.5004
866,0.004634939124248355,22397.5543
867,0.004630054176017622,22411.7541
868,0.004630054176017622,22425.9981
869,0.004622744112995693,22440.1349
870,0.004622744112995693,22571.831
871,0.004622744112995693,22586.7755
872,0.004622744112995693,22601.0148
873,0.0046223190364073725,22615.3082
874,0.0046223190364073725,22629.5248
875,0.0046223190364073725,22643.6858
876,0.0046223190364073725,22657.7977
877,0.0046223190364073725,22671.9337
878,0.004621779885263902,22686.0099
879,0.004620518008368904,22700.3373
880,0.004615075441655386,22832.9141
881,0.004599684980665246,22847.1063
882,0.004580388017205323,22861.193
883,0.004580388017205323,22875.3692
884,0.004580388017205323,22889.6685
885,0.004580388017205323,22903.797
886,0.004580388017205323,22917.9641
887,0.004580388017205323,22932.1646
888,0.004580388017205323,22946.3608
889,0.004570356751083972,22960.6948
890,0.00454998860754643,23092.5332
891,0.00454998860754643,23106.9076
892,0.00454998860754643,23121.1448
893,0.00454998860754643,23135.3949
894,0.00454998860754643,23149.5741
895,0.004546918294193515,23163.7094
896,0.004546918294193515,23177.9407
897,0.004546918294193515,23192.1395
898,0.004546918294193515,23207.3764
899,0.004546918294193515,23221.4455
900,0.004544782720944471,23352.8879
901,0.004544782720944471,23366.9475
902,0.004544782720944471,23381.1028
903,0.004544782720944471,23394.8947
904,0.004544782720944471,23409.3937
905,0.004544782720944471,23423.6892
906,0.0045336903020496986,23437.8611
907,0.0045336903020496986,23451.8818
908,0.00453218599772605,23466.1427
909,0.004521665564234428,23480.4446
910,0.004512713740804825,23612.0977
911,0.004512713740804825,23627.5588
912,0.004512713740804825,23641.6281
913,0.004512713740804825,23655.6902
914,0.004512713740804825,23670.187
915,0.004512713740804825,23684.3979
916,0.004512713740804825,23698.4328
917,0.004507141620448991,23712.8358
918,0.004507141620448991,23726.9974
919,0.004507141620448991,23741.2053
920,0.004503327146456132,23872.1588
921,0.004503327146456132,23886.2937
922,0.004498902006157588,23900.4693
923,0.004495937989026391,23914.6974
924,0.004495575984501452,23928.7891
925,0.00449523390880545,23943.2235
926,0.00449523390880545,23957.5369
92